source_id,slug,name,publisher,role,class,officiality,tier_asserted,tier_adjudicated,topics,jurisdiction,cadence,lifecycle,routing_citation,completeness,access_types,verification_state,last_verified_at,homepage_url
asc-501c8f3d9326,aaron-copland-fund-for-music,Aaron Copland Fund for Music,The Aaron Copland Fund for Music,publisher,primary,source_of_record,1,,grant-programs;past-awards,national US,annual,active,preferred,selective,web_fetch,verified,2026-09-30T04:34:45.743Z,https://www.coplandfund.org/
asc-7abd4555867a,alameda-county-arts-commission,Alameda County Arts Commission,County of Alameda,publisher,primary,source_of_record,1,,grant-programs;past-awards,local US-CA,annual,active,preferred,selective,web_fetch,verified,2026-09-30T04:34:42.792Z,https://arts.alamedacountyca.gov/
asc-21d600fe2514,alice-m-ditson-fund,Alice M. Ditson Fund,The Alice M. Ditson Fund (Columbia University),publisher,primary,source_of_record,1,,grant-programs;past-awards,national US,annual,active,preferred,selective,web_fetch,verified,2026-09-30T04:34:49.261Z,https://ditsonfund.org/
asc-37b430d90f4d,california-arts-council,California Arts Council,California Arts Council,publisher,primary,source_of_record,1,,grant-programs;past-awards,subnational US-CA,irregular,active,preferred,selective,web_fetch,verified,2026-09-30T04:34:38.317Z,https://arts.ca.gov/
asc-7a740ddef18c,california-grants-portal-open-data,California Grants Portal (open data),California State Library,aggregator,primary,official_service,1,,grant-programs,subnational US-CA,daily,active,preferred,systematic,api_rest;web_fetch,verified,2026-09-30T04:34:40.092Z,https://data.ca.gov/dataset/california-grants-portal
asc-7601ac584eae,city-of-berkeley-civic-arts-grants,City of Berkeley Civic Arts Grants,City of Berkeley,publisher,primary,source_of_record,1,,grant-programs,local US-CA,annual,active,preferred,selective,web_fetch,blocked,,https://berkeleyca.gov/community-recreation/civic-arts/civic-arts-grants
asc-d709960d6886,east-bay-community-foundation,East Bay Community Foundation,East Bay Community Foundation,publisher,primary,source_of_record,1,,grant-programs,local US-CA,annual,active,preferred,selective,web_fetch,verified,2026-09-30T04:34:44.060Z,https://www.ebcf.org/
asc-b8e7efdcda9e,national-endowment-for-the-arts,National Endowment for the Arts,National Endowment for the Arts,publisher,primary,source_of_record,1,,grant-programs;past-awards,national US,irregular,active,preferred,selective,web_fetch,verified,2026-09-30T04:34:36.684Z,https://www.arts.gov/
asc-728b1f5c01b5,new-music-usa,New Music USA,New Music USA,publisher,primary,source_of_record,1,,grant-programs;past-awards,national US,annual,active,preferred,selective,web_fetch,verified,2026-09-30T04:34:47.435Z,https://www.newmusicusa.org/
