source_id,slug,name,publisher,role,class,tier_asserted,tier_adjudicated,topics,jurisdiction,cadence,lifecycle,access_types,verification_state,last_verified_at,homepage_url
asc-3ffe0d7feb14,aceee-state-policy-database,ACEEE State Policy Database,American Council for an Energy-Efficient Economy,aggregator,tertiary,2,,energy-policy;incentives,national US,irregular,active,web_fetch,verified,2026-08-18T02:44:35.051Z,https://database.aceee.org/
asc-8cad8f69c11f,ahri,AHRI,"Air-Conditioning, Heating, and Refrigeration Institute",publisher,primary,1,,heat-pumps;energy-data,national US,monthly,active,web_fetch,blocked,,https://www.ahrinet.org/
asc-0d7080b52228,california-air-resources-board,California Air Resources Board,State of California,publisher,primary,1,,energy-policy;building-decarbonization,subnational US-CA,continuous,active,web_fetch,verified,2026-08-18T02:44:38.214Z,https://ww2.arb.ca.gov/
asc-28b228ffc8c7,california-energy-commission,California Energy Commission,State of California,publisher,primary,1,,energy-policy;codes-standards;building-decarbonization;program-evaluation,subnational US-CA,continuous,active,web_fetch,verified,2026-08-18T02:44:39.525Z,https://www.energy.ca.gov/
asc-c753a8933bc7,california-public-utilities-commission,California Public Utilities Commission,State of California,publisher,primary,1,,energy-policy;program-evaluation,subnational US-CA,continuous,active,web_fetch;web_fetch,verified,2026-08-18T02:44:43.903Z,https://www.cpuc.ca.gov/
asc-bddcb5e6edfe,calmac,CALMAC,California Measurement Advisory Council,publisher,primary,1,,program-evaluation,subnational US-CA,irregular,active,web_fetch,verified,2026-08-18T02:44:45.246Z,https://www.calmac.org/
asc-071cb066d064,dsire,DSIRE,"NC Clean Energy Technology Center, NC State University",aggregator,tertiary,1,,incentives,national US,continuous,active,web_fetch;web_render,verified,2026-08-18T02:46:30.048Z,https://dsireusa.org/
asc-9fd4fbaa8fca,national-renewable-energy-laboratory,National Renewable Energy Laboratory,U.S. Department of Energy,publisher,primary,1,,heat-pumps;energy-data;building-decarbonization,national US,continuous,active,api_rest;web_fetch;bulk_download,broken,,https://www.nrel.gov/
asc-2825f0b73374,osti-gov,OSTI.GOV,"U.S. Department of Energy, Office of Scientific and Technical Information",publisher,primary,1,,energy-data;building-decarbonization;heat-pumps,national US,continuous,active,api_rest;web_fetch,verified,2026-08-18T02:44:55.421Z,https://www.osti.gov/
asc-748da0edf004,us-energy-information-administration,U.S. Energy Information Administration,U.S. Department of Energy,publisher,primary,1,,energy-data,national US,monthly,active,api_rest;web_fetch,broken,,https://www.eia.gov/
